Project,Project_Capacity_MW,Type,Storage_Capacity_MWh,Developer,Owner,Generator_Make,Generator_Model,Number_of_Generators,Generator_Capacity,Generator_Type,Country,County,UK_Region,Location,Sea_area,Lpa,Lpa_reference,Latitude_Decimal,Longitude_Decimal,UKNatGridRef,Hub_Height,Tip_Height,Rotor_Diameter,Summary_Status,Status,Status_Date,ConsentLapseDate,ConsentExpireTerm,ConsentExpireDate,ConsentExtension,SupersedeMethod,SupersedeByProject,SupersededMethod,SupersededProject,Colocated_Grid,Colocated_Grid_Detail,History,Submitted_Date,Submitted_Note,Decision_Date,Decision_Note,Appeal_Decision_Date,Appeal_Decision_Note,Construction_Date,Construction_Note,Commissioned_Date,Commissioned_Note,ResubmittedByProject,ResubmissionOfProject,LatestNewsDate,LatestNewsText,LatestNewsSource
Ackron,48,onshore,,Airvolution Energy Ltd,Statkraft (100%),,,12,4,,Scotland,Caithness,Scotland,"Ackron Farm, Golval, Forsinard",,Highland Council,19/01709/SCOP,58.5338,-3.87036,NC 91200 62150,,149.9,,Development,Scoping,23-Oct-19,,,,,,,,,storage,storage: Ackron Battery Storage [Scoping Opinion Issued] ?MW,"23/10/2019 Scoping ;
06/06/2019 Scoping Opinion Issued ;
12/04/2019 Scoping ;
14/05/2015 Scoping Opinion Issued ;
25/03/2015 Scoping",,,,,,,,,,,,,23-Oct-19,Statkraft has submitted a revised Scoping Report for ackron wind farm. The revised proposal revises the site boundaries and reduces the number of turbines from 14 to 12.,RenewableUK comment
Aignish Community Wind Farm,10,onshore,,Community Owned Project,Community Owned Project (100%),,,2,5,,Scotland,Western Isles,Scotland,"Lochs Road, Lochs, Isle Of Lewis",,Western Isles / Comhairle nan Eilan Siar,18/00350/SCO_L,58.1928,-6.45143,,94,145,128,Development,Scoping Opinion Issued,16-Oct-18,,,,,,,,,,,"16/10/2018 Scoping Opinion Issued ;
27/08/2018 Scoping",,,,,,,,,,,,,27-Aug-18,A scoping opinion request has been submitted for Aignish Community Wind Farm. The projects consists of two turbines located at turbine positions 28 and 30 of the consented Stornoway wind farm. Aignish Community wind farm would only be developed should the currently consented project be unable to proceed.,RenewableUK comment
Alwen Forest,33,onshore,,Innogy Renewables UK Ltd,Innogy Renewables UK Ltd (100%),,,9,3.66,,Wales,Conwy,North Wales,4km North of Cerrigydrudion. The infrastructure is within Conwy County Borough Council but part of the scoping application site is within Denbighshire County Council.,,Conwy County Borough Council,,53.0778,-3.56155,SH 95490 54533,,200,,Development,Scoping Opinion Issued,01-Oct-18,,,,,,,,,,,"01/10/2018 Scoping Opinion Issued ;
03/08/2018 Scoping ;
28/06/2018 Development",,,,,,,,,,,,,01-Oct-18,The Planning Inspectorate has issued its Scoping Opinion for Innogy's proposed Alwen Forest wind farm which is a Development of National Significance.,RenewableUK comment
Armadale,48,onshore,,Brookfield Renewable UK Ltd,Brookfield Renewable UK Ltd (100%),,,16,3,,Scotland,Caithness,Scotland,"Cromsac Hill, Land 1100M South Of Armadale Farm, Armadale",,Highland Council,16/05807/SCOP,58.5347,-4.07695,NC 79177 62603,,145,,Development,Scoping Opinion Issued,16-Feb-17,,,,,,,,,,,"16/02/2017 Scoping Opinion Issued ;
21/12/2016 Scoping",,,,,,,,,,,,,,,
Auchenlongford,20,onshore,,Wind Estate (UK) Ltd,Wind Estate (UK) Ltd (100%),,,5,4,,Scotland,East Ayrshire,Scotland,"Mauchline, KA5 6JF",,East Ayrshire Council,19/0013/PAA,55.5255,-4.25204,NS 57937 28057,,140,,Development,Development,05-Sep-19,,,,,,,,,,,05/09/2019 Development,,,,,,,,,,,,,,,
Bachan Burn,51,onshore,,Brookfield Renewable UK Ltd,Brookfield Renewable UK Ltd (100%),,,17,0,,Scotland,Argyll & Bute,Scotland,Cowal and Trossachs Forest,,Argyll and Bute Council,,55.9327,-4.97226,NS 14429 75062,78,119,,Development,Development,18-Aug-17,,,,,,,,,,,18/08/2017 Development,,,,,,,,,,,,,18-Aug-17,The Scottish Government Energy Consents Unit met with Brookfield on 16th August 2017 to finalise the submission of the application for Bachan Burn. It is anticipated that the application will be submitted on 27th November 2017.,RenewableUK comment
Back Hareshaw Farm,20,onshore,,Cleanearth Energy,Cleanearth Energy (100%),,,5,4,,Scotland,South Lanarkshire,Scotland,"Back Hareshaw Farm, C138 Hairshaw Highway, Strathaven,  ML10 6QN",,South Lanarkshire Council,P/19/1278,55.6426,-4.1962,NS 61873 40974,,150,,Development,Scoping,21-Aug-19,,,,,,,,,,,"21/08/2019 Scoping ;
03/04/2019 Scoping Opinion Issued ;
12/03/2019 Scoping ;
11/07/2018 Scoping Opinion Issued ;
11/06/2018 Scoping",,,,,,,,,,,,,21-Aug-19,Cleanearth has submitted a Scoping Opinion Report for Back Hareshaw wind farm consisting of five turbines with maximum tip height of 150m.,RenewableUK comment
Bad Fearn,49.9,onshore,,Energiekontor UK Ltd,Energiekontor UK Ltd (100%),,,10,4.99,,Scotland,Highland,Scotland,"Braemore Road, Dunbeath",,Highland Council,19/02927/SCOP,58.2659,-3.49885,ND 12163 31777,115,200,,Development,Scoping Opinion Issued,22-Aug-19,,,,,,,,,storage,storage: Bad Fearn Battery Storage [Scoping Opinion Issued] ?MW,"22/08/2019 Scoping Opinion Issued ;
28/06/2019 Scoping ;
05/06/2019 Development",,,,,,,,,,,,,22-Aug-19,The Highland Council has issued its Scoping Application Decision.,RenewableUK comment
Balbeg Farm,1,onshore,,Cleanearth Energy,Cleanearth Energy (100%),,,1,1,,Scotland,Caithness,Scotland,"Land 625M SE Of Achanarras Quarry, Halkirk",,Highland Council,17/05744/SCRE,58.4646,-3.45619,ND 15145 53844,,130,,Development,Scoping Opinion Issued,09-Jan-18,,,,,,,,,,,"09/01/2018 Scoping Opinion Issued ;
11/12/2017 Scoping ;
30/11/2017 Scoping Opinion Issued ;
30/10/2017 Scoping",,,,,,,,,,,,,09-Jan-18,An Environmental Impact Assessment will be required to support a planning application at Balbeg Farm,RenewableUK comment
Ballygilbert,50.4,onshore,,Renewable Energy Systems Ltd (RES),Renewable Energy Systems Ltd (RES) (100%),,,14,3.6,,Northern Ireland,Co. Antrim,Northern Ireland,"In the townlands of Ballycoos, Ballygawn, Ballygilbert, Lisnahay North, and Lisnahay South, and is approximately 3km North west of the village of Carncastle Larne",,DOE Strategic Planning Division,LA02/2019/0568/PAN,54.9232,-5.92642,NW 48510 65783,,149.9,,Development,Development,19-Jul-19,,,,,,,,,,,19/07/2019 Development,,,,,,,,,,,,,19-Jul-19,RES has submitted a proposal of application notice for Ballygilbert wind farm consisting of 14 turbines with tip heights up to 149.9m and a total installed capacity of up to 50.4MW,RenewableUK comment
Bank Top Farm,0.225,onshore,,Landowner (private or company),Landowner (private or company) (100%),,,1,0.225,,England,Shropshire,West Midlands,"Neen Savage, Cleobury Mortimer, Kidderminster, DY14 8ER",,Shropshire Council,15/02840/SCR,52.3947,-2.48468,SO 67116 77524,30,,27,Development,Scoping Opinion Issued,02-May-18,,,,,,,,,,,"02/05/2018 Scoping Opinion Issued ;
01/07/2015 Scoping",,,,,,,,,,,,,02-May-18,Shropshire Council have advised that an EIA is not required to support a planning application for a 225kw turbine at Bank Top Farm. The Scoping Opinion request was submitted in July 2015.,RenewableUK comment
Beld Hill,4.8,onshore,,Green Cat Renewables Ltd,Green Cat Renewables Ltd (100%),,,6,0.8,,Scotland,Perth & Kinross,Scotland,Auchterarder,,Perth & Kinross Council,15/00099/SCOP,56.2814,-3.64424,NN 98300 11100,,86.5,,Development,Scoping Opinion Issued,03-Mar-15,,,,,,,,,,,"03/03/2015 Scoping Opinion Issued ;
19/01/2015 Scoping",,,,,,,,,,,,,19-Jan-15,Green Cat Renewables has submitted a scoping report for a proposed wind farm at Beld Hill,RenewableUK comment
Ben Sca,36,onshore,,Wind 2 Ltd,Wind 2 Ltd (100%),,,9,4,,Scotland,Highland,Scotland,"Land 2800M SW Of Edinbane Primary School, Edinbane, Portree",,Highland Council,18/05240/SCOP,57.4432,-6.44254,NG 33545 47925,,135,,Development,Scoping Opinion Issued,25-Jan-19,,,,,,,,,storage,storage: Ben Sca Battery Storage [Scoping Opinion Issued] ?MW,"25/01/2019 Scoping Opinion Issued ;
08/11/2018 Scoping",,,,,,,,,,,,,20-Mar-19,Wind 2 Ltd have submitted a proposal of application notice for Ben Sca wind farm.,RenewableUK comment
Berry Burn Extension,42,onshore,,Airvolution Clean Energy Ltd,Statkraft (100%),,,10,4.2,,Scotland,Moray,Scotland,"Altyre Estate, Forres",,Moray Council,,57.4865,-3.51863,NJ 09055 45051,,149.9,,Development,Scoping Opinion Issued,23-Jan-19,,,,,,,,,,,"23/01/2019 Scoping Opinion Issued ;
25/10/2018 Scoping",,,,,,,,,,,,,23-Jan-19,The Scottish Government Energy Consents Unit has issued a Scoping Opinion on behalf of Scottish Ministers for Berry Burn Extension.,RenewableUK comment
Bhlaraidh Extension,100,onshore,,SSE Renewables,SSE Renewables (100%),,,20,5,,Scotland,Highland,Scotland,"West of Loch Ness, adjacent to Bhlaraidh wind farm.",,Highland Council,ECU00001900,57.253,-4.67484,NH 38732 21202,,180,158,Development,Scoping,11-Jul-19,,,,,,,,,storage,storage: Bhlaraidh Extension Battery Storage [Scoping] ?MW,11/07/2019 Scoping,,,,,,,,,,,,,11-Jul-19,SSE has submitted a Scoping Opinion Report for the proposed Bhlaraidh Extension wind farm.,RenewableUK comment
Braelangwell,120,onshore,,Brookfield Renewable UK Ltd,Brookfield Renewable UK Ltd (100%),,,20,6,,Scotland,Highland,Scotland,Land 1500M North Of The Schoolhouse Ardgay,,Highland Council,ECU00001885,57.9196,-4.50863,NH 51500 95000,,180,136,Development,Scoping,05-Jul-19,,,,,,,,,,,"05/07/2019 Scoping ;
13/02/2017 Scoping Opinion Issued ;
22/12/2016 Scoping",,,,,,,,,,,,,05-Jul-19,Brookfield has submitted a revised Scoping Opinion Report for its proposed Braelangwell wind farm. Tip heights up to 180m are now proposed for 20 turbines each with generating capacity in the region of 4 to 6MW.,RenewableUK comment
Brechfa North,27,onshore,,Renewable Energy Systems Ltd (RES),Renewable Energy Systems Ltd (RES) (100%),,,9,3,,Wales,Carmarthenshire,Mid Wales,"Land surrounding Bryn Llywelyn farm, Llanllwni, Pencarder",,Carmarthenshire County Council,,52.0089,-4.17727,SN 50660 36738,100,150,100,Development,Scoping Opinion Issued,30-Sep-16,,,,,,,,,,,"30/09/2016 Scoping Opinion Issued [estimate] ;
23/08/2016 Scoping",,,,,,,,,,,,,23-Aug-16,RES have submitted a Scoping Opinion Request for a wind Development of National Significance on land North of Brechfa Forest. The proposed project is significantly smaller then the previously refused Bryn Llewellyn project.,RenewableUK comment
Brenda Road West Industrial Estate,2.5,onshore,,Seneca Global Energy Ltd,Seneca Global Energy Ltd (100%),,,1,2.5,,England,County Durham,North East,Hartlepool,,Hartlepool Borough Council,H/2018/0275,54.6486,-1.21056,NZ 51039 28452,,99,82,Development,Scoping,10-Jul-18,,,,,,,,,,,"10/07/2018 Scoping ;
20/07/2016 Inactive ;
20/06/2014 Submitted (LPA)",20-Jun-14,(LPA) ,,,,,,,,,,,10-Jul-18,"A scoping opinion request has been submitted for a wind turbine with maximum tip height 99m and capacity of 2.5MW at Brenda Road West, Hartlepool. A proposed turbine submitted in 2014 at the same location was considered favourably by the council but following the intervention of the Secretary of State, consent was not forthcoming.",RenewableUK comment
Burnfoot Moor,2.7,onshore,,VG Consulting Ltd,Landowner (private or company) (100%),,,3,0.9,,Scotland,East Ayrshire,Scotland,Muirkirk,,East Ayrshire Council,17/0001/EIASCP,55.5256,-4.11961,NS 66295 27807,39,69.5,61,Development,Scoping Opinion Issued,19-Apr-17,,,,,,,,,,,"19/04/2017 Scoping Opinion Issued ;
16/03/2017 Scoping ;
16/03/2016 Development",,,,,,,,,,,,,,,
Cairnmore Hill,35,onshore,,Renewable Energy Systems Ltd (RES),Renewable Energy Systems Ltd (RES) (100%),,,8,3.5,,Scotland,Caithness,Scotland,"Land 1360M NW Of Hill Of Foss Quarry, Hopefield, Janetstown, Thurso, KW14 7XU",,Highland Council,16/03124/SCOP,58.5945,-3.60905,ND 06574 68512,80,138.5,110,Development,Scoping Opinion Issued,08-Aug-16,,,,,,,,,,,"08/08/2016 Scoping Opinion Issued ;
06/07/2016 Scoping",,,,,,,,,,,,,20-Mar-19,"RES is holding a further set of project information events in April 2019 in order to update the community on the project and explain the changes to the design. RES is now in the final stages of design and has reduced the layout from 10 turbines to 8 turbines, with tip height increasing from 125m to up to 138.5m.",http://www.cairnmorehill-windfarm.co.uk/consultation/update-events-april-2019/
Callisterhall,175,onshore,,Enerco Energy Ltd,Enerco Energy Ltd (100%),,,25,7,,Scotland,Dumfries & Galloway,Scotland,4.25km west of Langholm,,Dumfries & Galloway Council,ECU00001951,55.1441,-3.18983,NY 24259 83957,,220,,Development,Scoping,30-Sep-19,,,,,,,,,,,30/09/2019 Scoping,,,,,,,,,,,,,30-Sep-19,E Power Ltd (Enerco Energy) has submitted a scoping opinion request for a proposed application for Callisterhall wind farm. 21 Turbines with tip heights up to 220m are proposed in land to the south of the existing Ewe Hill wind farm.,RenewableUK comment
Caskerdo Farm,3.5,onshore,,Cleanearth Energy,Cleanearth Energy (100%),,,1,3.5,,Scotland,Fife,Scotland,"Montrave, Kennoway, Cupar, KY15 5PN",,Fife Council,17/03928/SCR,56.2688,-2.9834,NO 39192 08913,,130,,Development,Scoping Opinion Issued,05-Mar-18,,,,,,,,,,,"05/03/2018 Scoping Opinion Issued ;
09/01/2017 Scoping",,,,,,,,,,,,,05-Mar-18,Fife Council have advised that an EIA will be required to support an application for a wind turbine at Caskerdo Farm,RenewableUK comment
Ceislein,19.9,onshore,,Whirlwind Renewables,Whirlwind Renewables (100%),,,6,3.3,,Scotland,Highland,Scotland,"adj to Novar Wind Farm, nr Evanton, Easter Ross",,Highland Council,,57.7102,-4.38638,NH 57918 71438,,125,104,Development,Development,24-Jan-14,,,,,,,,,,,24/01/2014 Development,,,,,,,,,,,,,,,
Charleston Farm,,onshore,,Cleanearth Energy,Cleanearth Energy (100%),,,1,,,Scotland,Highland,Scotland,"Land 750m NE Of 2 Lochend Holding, Barrock",,Highland Council,18/01820/SCRE,58.6104,-3.25444,ND 27217 69838,,135,,Development,Scoping Opinion Issued,04-May-18,,,,,,,,,,,"04/05/2018 Scoping Opinion Issued ;
19/04/2018 Scoping",,,,,,,,,,,,,04-May-18,The Highland Council have determined that an EIA will be required to support an application by Cleanearth for a single wind turbine at Charleston Farm,RenewableUK comment
Clare Wind Farm,71.4,onshore,,Partnerships for Renewables Development Company Ltd,Partnerships for Renewables Development Company Ltd (100%),,,21,3.4,,Scotland,Highland,Scotland,"Swordale Hill, Evanton",,Highland Council,15/02028/SCOP,57.6592,-4.45528,NH 53608 65909,,132,,Development,Scoping Opinion Issued,02-Jul-15,,,,,,,,,,,02/07/2015 Scoping Opinion Issued,,,,,,,,,,,,,02-Jul-15,The Scottish Government has issued its scoping opinion for the Clare wind farm.,RenewableUK comment
Clashindarroch II,70,onshore,,Vattenfall Wind Power Ltd,Vattenfall Wind Power Ltd (100%),,,14,5,,Scotland,Aberdeenshire,Scotland,Huntly,,Aberdeenshire Council,,57.4105,-2.88411,NJ 46983 35917,,180,,Development,Development,24-Feb-17,,,,,,,,,,,24/02/2017 Development,,,,,,,,,,,,,31-Aug-18,Vattenfall is seeking feedback from local residents and businesses on updated plans for the proposed Clashindarroch II wind farm. The latest revision features 14 turbines with tip heights of 180m based on 5MW class turbines.,https://group.vattenfall.com/uk/newsroom/news-press-releases/pressreleases/stories/updated-plans-for-north-east-wind-farm-on-show
Clauchrie,64,onshore,,ScottishPower Renewables,ScottishPower Renewables (100%),,,16,4,,Scotland,South Ayrshire,Scotland,4.6km North East of Barrhill.,,South Ayrshire Council,,55.1666,-4.6917,NX 28645 89112,,200,,Development,Scoping,21-Mar-19,,,,,,,,,storage,storage: Clauchrie Battery Storage [Scoping] ?MW,21/03/2019 Scoping,,,,,,,,,,,,,21-Mar-19,ScottishPower Renewables has submitted an EIA Scoping report to the Scottish Government Energy and Consents Unit for Clauchrie wind farm. The proposed development is anticipated to comprise appoximately 16 turbines with tup heights up to 200m.,RenewableUK comment
Cliffhope,322,onshore,,Community Windpower Ltd,Community Windpower Ltd (100%),,,46,7,,Scotland,Scottish Borders,Scotland,15.5km SE of Hawick,,Scottish Borders Council,,55.3061,-2.66093,NT 58141 01538,,200,,Development,Scoping,14-Sep-17,,,,,,,,,,,14/09/2017 Scoping,,,,,,,,,,,,,14-Sep-17,Community Windpower have submitted a scoping opinion request to Scottish Ministers for Cliffhope wind farm located in the Scottish Borders. The maximum tip height is anticipated to be up to 200m with an indicative capacity of each turbine between 5 and 7MW.,RenewableUK comment
Cloiche,,onshore,,SSE Renewables,SSE Renewables (100%),,,40,,,Scotland,Highland,Scotland,11 km to the south east of Fort Augustus,,Highland Council,,57.1094,-4.42801,NH 53049 04666,,175,,Development,Scoping,27-Aug-18,,,,,,,,,,,27/08/2018 Scoping,,,,,,,,,,,,,27-Aug-18,SSE Renewables has submitted a Scoping Opinion Report for a proposed wind farm adjacent to the Stronelairg wind farm. The proposed Cloiche wind farm could feature 40 turbines with tip heights up to 175m. The proposed operational capacity is unknown at this stage.,RenewableUK comment
Cnoc an Fhionn,26,onshore,,Vattenfall Wind Power Ltd,Vattenfall Wind Power Ltd (100%),,,13,2,,Scotland,Argyll & Bute,Scotland,4km south of Tarbert,,Argyll and Bute Council,,55.8057,-5.40982,NR 86410 62201,,110,,Development,Development,14-Oct-14,,,,,,,,,,,14/10/2014 Development,,,,,,,,,,,,,14-Oct-14,Vattenfall is exploring the potential for developing a wind energy project on a site known as Cnoc an Fhionn.,https://corporate.vattenfall.co.uk/projects/wind-energy-projects/cnoc-an-fhionn-argyll-and-bute/
Cogle Moss Extension,42,onshore,,Muirden Energy,Muirden Energy (100%),,,14,3,,Scotland,Highland,Scotland,"Watten, Caithness",,Highland Council,18/02355/SCOP,58.4842,-3.22634,ND 28593 55761,,115,,Development,Scoping Opinion Issued,29-Jun-18,,,,,,,,,,,"29/06/2018 Scoping Opinion Issued ;
22/05/2018 Scoping",,,,,,,,,,,,,10-Sep-18,Muirden Energy have submitted a pre application notice to The Highland Council for the revised Cogle Moss wind farm which extends the consented project.,RenewableUK comment
Cornharrow (Resubmission),32,onshore,,Energiekontor UK Ltd,Energiekontor UK Ltd (100%),,,8,4,,Scotland,Dumfries & Galloway,Scotland,"Carsphairn, Dalry",,Dumfries & Galloway Council,19/1654/PAN,55.2206,-4.0746,NX 68124 93783,,149.9,,Development,Development,11-Oct-19,,,,,,,,,,,11/10/2019 Development,,,,,,,,,,,,Cornharrow,11-Oct-19,Energiekontor UK has submitted a proposal of application notice for a redesigned Cornharrow wind farm following the dismissal of an appeal of an earlier submission. The new proposal consists of eight turbines with tip heights up to 149.9m,RenewableUK comment
Corriemoillie (Beinn a' Bhric),,onshore,,Cleanearth Energy,Cleanearth Energy (100%),,,1,,,Scotland,Highland,Scotland,"Gorstan, Garve",,Highland Council,18/04341/SCRE,57.6499,-4.77269,NH 34634 65604,,135,,Development,Scoping Opinion Issued,03-Oct-18,,,,,,,,,,,"03/10/2018 Scoping Opinion Issued ;
06/09/2018 Scoping",,,,,,,,,,,,,03-Oct-18,The Highland Council have considered that an Environmental Impact Assessment is not required for the proposed Corriemoillie single wind turbine development.,RenewableUK comment
Cottage Farm (Leicestershire),2.5,onshore,,Cleanearth Energy,Cleanearth Energy (100%),,,1,2.5,,England,Leicestershire,East Midlands,"Brascote Lane, Cadeby, Nuneaton CV13 0BB",,Hinckley & Bosworth Borough Council,17/00602/SCOPE,52.6183,-1.35656,SK 43659 02475,,130,,Development,Scoping Opinion Issued,04-Jul-17,,,,,,,,,,,"04/07/2017 Scoping Opinion Issued ;
14/06/2017 Scoping",,,,,,,,,,,,,14-Jun-17,Cleanearth Energy have requested a formal EIA screening opinion for the erection of a single turbine at Cottage Farm,RenewableUK comment
Creag Dhubh,27,onshore,,Muirden Energy,Muirden Energy (100%),,,9,3,,Scotland,Argyll & Bute,Scotland,Loch Awe,,Argyll and Bute Council,19/00599/PAN,56.1983,-5.01262,NN 13199 04719,,139,,Development,Development,19-Mar-19,,,,,,,,,,,"19/03/2019 Development ;
07/06/2012 Withdrawn from scoping (pre application) ;
05/07/2010 Scoping",,,,,,,,,,,,,19-Mar-19,Muirden Energy has submitted a Proposal of Application notice for Creag Dubh wind farm. The proposal would consist of 9 turbines with a tip height up to 139m and generating capacity of 3MW each. Creag Dhubh Renewables LLP is a partnership comprising members of Scotland’s agricultural sector.,https://www.creagdhubhwindfarm.co.uk/
Crossbankhead Farm,,onshore,,Cleanearth Energy,Cleanearth Energy (100%),,,1,,,Scotland,Dumfries & Galloway,Scotland,"Waterbeck, DG11 3HJ",,Dumfries & Galloway Council,18/1647/SCO,55.1089,-3.18493,NY 24505 80033,,135,,Development,Scoping Opinion Issued,14-Feb-19,,,,,,,,,,,"14/02/2019 Scoping Opinion Issued ;
27/10/2018 Scoping ;
26/10/2018 Scoping Opinion Issued ;
17/08/2018 Scoping",,,,,,,,,,,,,14-Feb-19,"Dumfries & Galloway Council has issued a Scoping Opinion for Cleanearth's proposed 135m tip turbine at Crossbankhead Farm, Waterbeck.",RenewableUK comment
Daer (Dumfries & Galloway),60,onshore,,E.ON Climate & Renewables UK Ltd,E.ON Climate & Renewables UK Ltd (100%),,,12,5,,Scotland,Dumfries & Galloway,Scotland,West of Moffat,,Dumfries & Galloway Council,,55.3361,-3.60526,NS 98274 05851,,170,,Development,Scoping,11-Dec-18,,,,,,,,,,,11/12/2018 Scoping,,,,,,,,,,,,,14-Jan-19,E.on have submitted a Scoping Report for the proposed Daer windfarm in South Lanarkshire and Dumfries & Galloway.,RenewableUK comment
Daer (South Lanarkshire),15,onshore,,E.ON Climate & Renewables UK Ltd,E.ON Climate & Renewables UK Ltd (100%),,,3,5,,Scotland,South Lanarkshire,Scotland,West of Moffat,,South Lanarkshire Council,,55.3425,-3.57852,NS 99986 06525,,170,,Development,Scoping,11-Dec-18,,,,,,,,,,,"11/12/2018 Scoping ;
22/12/2011 Development",,,,,,,,,,,,,14-Jan-19,E.on have submitted a Scoping Report for the proposed Daer windfarm in South Lanarkshire and Dumfries & Galloway.,RenewableUK comment
Dalchork,135,onshore,,E.ON Climate & Renewables UK Ltd,E.ON Climate & Renewables UK Ltd (100%),,,45,3,,Scotland,Highland,Scotland,N of Lairg,,Highland Council,,58.1319,-4.42278,NC 57432 18447,,150,,Development,Development,01-Feb-13,,,,,,,,,,,01/02/2013 Development,,,,,,,,,,,,,,,
Dalmellington Farm,,onshore,,Cleanearth Energy,Cleanearth Energy (100%),,,1,,,Scotland,East Ayrshire,Scotland,"Ayr, KA6 7QA",,East Ayrshire Council,18/0014/EIASCR,55.3178,-4.46236,NS 43844 05399,,135,,Development,Scoping Opinion Issued,31-Aug-18,,,,,,,,,,,"31/08/2018 Scoping Opinion Issued ;
14/08/2018 Scoping",,,,,,,,,,,,,31-Aug-18,East Ayrshire Council have issued a screening opinion on a single wind turbine at Dalmellington Farm. An EIA would be required to support any proposed application.,RenewableUK comment
Drumtee Farm,,onshore,,Cleanearth Energy,Cleanearth Energy (100%),,,1,,,Scotland,East Ayrshire,Scotland,"Kilmarnock, KA3 6ET",,East Ayrshire Council,18/0016/EIASCR,55.682,-4.38504,NS 50141 45750,,135,,Development,Scoping Opinion Issued,08-Nov-18,,,,,,,,,,,"08/11/2018 Scoping Opinion Issued ;
11/09/2018 Scoping",,,,,,,,,,,,,08-Nov-18,East Ayrshire Council have decided that an EIA is required to support an application for a single wind turbine at Drumtee Farm.,RenewableUK comment
East Merkland Farm,,onshore,,Cleanearth Energy,Cleanearth Energy (100%),,,1,,,Scotland,South Lanarkshire,Scotland,"High Kype Road, Strathaven, ML10 6PR",,South Lanarkshire Council,P/18/0828,55.6393,-4.05068,NS 71019 40320,,135,,Development,Scoping Opinion Issued,04-Oct-18,,,,,,,,,,,"04/10/2018 Scoping Opinion Issued ;
11/06/2018 Scoping",,,,,,,,,,,,,11-Jun-18,Cleanearth has submitted a screening opinion request for a single 135m tip height turbine at East Merkland Farm.,RenewableUK comment
Easter Aberchalder Extension,0.5,onshore,,Ecodyn Ltd,Landowner (private or company) (100%),Windflow,Windflow 45-500,1,0.5,Horizontal axis turbine,Scotland,Highland,Scotland,"Land 1820M South Of Easter Aberchalder House, Gorthleck, Inverness",,Highland Council,15/02454/SCRE,57.2289,-4.37455,NH 56750 17855,31.5,54,45,Development,Scoping,23-Jun-15,,,,,,,,,,,23/06/2015 Scoping,,,,,,,,,,,,,23-Jun-15,A screening request has been submitted for an additional Windflow turbine at Easter aberchalder,RenewableUK comment
Easter Howlaws Farm Turbine 3,0.1,onshore,,AE Associates,Landowner (private or company) (100%),Northern Power Systems,NPS100C-24,1,0.1,Horizontal axis turbine,Scotland,Scottish Borders,Scotland,Greenlaw,,Scottish Borders Council,18/00636/SCR,55.6791,-2.4507,NT 71756 42935,36.6,48.8,24.4,Development,Scoping Opinion Issued,12-Jul-18,,,,,,,,,,,"12/07/2018 Scoping Opinion Issued ;
23/05/2018 Scoping",,,,,,,,,,,,,12-Jul-18,Scottish Borders Council have determined that an EIA is not required to support an application for an additional 100kw turbine at Easter Howlaws Farm.,RenewableUK comment
Faray,32,onshore,,Orkney Islands Council,Orkney Islands Council (100%),,,8,4,,Scotland,Orkney,Scotland,Faray,,Orkney Islands Council,19/174/SCO,59.2192,-2.82531,HY 52985 37250,,150,,Development,Scoping Opinion Issued,16-Jul-19,,,,,,,,,,,"16/07/2019 Scoping Opinion Issued ;
26/04/2019 Scoping",,,,,,,,,,,,,16-Jul-19,Orkney Islands Council has issued its Scoping Opinion for Faray wind farm.,RenewableUK comment
Fell,49,onshore,,Energiekontor UK Ltd,Energiekontor UK Ltd (100%),,,9,5.44,,Scotland,Dumfries & Galloway,Scotland,"Between Blackcraig Wind Farm and Loch Urr, 7km to the South-West of Moniaive",,Dumfries & Galloway Council,19/0684/SCO,55.1403,-3.97485,NX 74216 84667,,200,,Development,Scoping Opinion Issued,17-Sep-19,,,,,,,,,,,"17/09/2019 Scoping Opinion Issued ;
26/04/2019 Scoping",,,,,,,,,,,,,03-Sep-19,Energiekontor has submitted a proposal of application notice for Fell Wind Farm. The number of turbines has been reduced to nine with tip heights remaining at 200m maximum.,RenewableUK comment
Forss Extension 2,10,onshore,,Abbey Properties Cambridgeshire Ltd,Abbey Properties Cambridgeshire Ltd (100%),,,5,2,,Scotland,Highland,Scotland,"Borrowstone Mains, Forss, Thurso",,Highland Council,19/01591/SCRE,58.6049,-3.68094,ND 02425 69773,,91,,Development,Scoping Opinion Issued,24-Apr-19,,,,,,,,,,,"24/04/2019 Scoping Opinion Issued ;
05/04/2019 Scoping",,,,,,,,,,,,,24-Apr-19,The Highland Council has decided that an EIA is required to support a planning application for 5 turbines to extend Forss wind farm.,RenewableUK comment
Galawhistle Extenstion,18,onshore,,Muirhall Energy Ltd,Muirhall Energy Ltd (100%),,,6,3,,Scotland,Dumfries & Galloway,Scotland,"Duncow Common, 9km north of Dumfries",,Dumfries & Galloway Council,13/E/3/0008,55.165,-3.61417,NX 97268 86821,80,125,90,Development,Scoping Opinion Issued,16-Oct-13,,,,,,,,,,,"16/10/2013 Scoping Opinion Issued ;
25/04/2013 Scoping",,,,,,,,,,,,,21-Jul-17,"Muirhall Energy and independent onshore wind development partner WWS Renewables, have announced the completion of the acquisition of the Infinis Group’s onshore wind development phase assets from Terra Firma. The transaction includes 6 consented projects amounting to 90 MW generating capacity portfolio with sites in Scotland, England and Wales.",http://muirhallenergy.co.uk/2017/07/muirhall-wws-acquires-infinis-onshore-wind-development-assets/
Garvary,250,onshore,,Coriolis Energy,ESB (100%),,,45,5.55,,Scotland,Highland,Scotland,East of the A836 between Lairg and Bonar Bridge,,Highland Council,ECU00001876,57.9667,-4.34871,NH 61153 99902,,180,150,Development,Scoping,26-Jun-19,,,,,,,,,,,"26/06/2019 Scoping ;
11/04/2018 Scoping Opinion Issued ;
12/02/2018 Scoping",,,,,,,,,,,,,26-Jun-19,"Coriolis Energy has submitted a second Scoping Opinion request to Scottish Ministers for Garvary wind farm. The new proposal consists of 45 turbines with a maximum tip height of 180m,",RenewableUK comment
Garvilland Farm,25.2,onshore,,Wind Estate (UK) Ltd,Wind Estate (UK) Ltd (100%),,,6,4.2,,Scotland,Dumfries & Galloway,Scotland,Garvilland Farm Near Glenluce,,Dumfries & Galloway Council,19/0501/SCO,54.9228,-4.78971,NX 21321 62239,82,150,136,Development,Scoping,28-Mar-19,,,,,,,,,,,"28/03/2019 Scoping ;
20/11/2018 Scoping Opinion Issued ;
31/10/2018 Scoping",,,,,,,,,,,,,28-Mar-19,Wind Estate (UK) has submitted a Scoping Opinion Report for a proposed six turbine wind farm at Garvilland Farm.,RenewableUK comment
Georgefield Farm,,onshore,,Cleanearth Energy,Cleanearth Energy (100%),,,2,,,Scotland,Dumfries & Galloway,Scotland,"Westerkirk, Langholm, DG13 0NJ",,Dumfries & Galloway Council,19/1115/SCO,55.2154,-3.08027,NY 31365 91768,,150,,Development,Scoping Opinion Issued,24-Sep-19,,,,,,,,,,,"24/09/2019 Scoping Opinion Issued ;
08/07/2019 Scoping ;
02/07/2019 Scoping Opinion Issued ;
04/06/2019 Scoping",,,,,,,,,,,,,24-Sep-19,Dumfries & Galloway Council has issued its scoping opinion for Cleanearth's proposal to install two 150m tip height turbines at Georgefield Farm near Langholm.,RenewableUK comment
Glasvaar,228,onshore,,Enerco Energy Ltd,Enerco Energy Ltd (100%),,,38,6,,Scotland,Argyll & Bute,Scotland,7.4km North of Lochgilphead,,Argyll and Bute Council,ECU00000657,56.1454,-5.3857,NR 89774 99913,,175,,Development,Scoping,13-Aug-18,,,,,,,,,,,13/08/2018 Scoping,,,,,,,,,,,,,13-Aug-18,Enerco has submitted a Scoping Opinion Request for the proposed Gasvaar wind farm on the Kintyre Peninsula. The proposed development would involve the construction and operation of a wind farm of over 100MW consisting of 38 turbines with a maximum blade tip height of 175m.,RenewableUK comment
Gleann Eoghainn,35,onshore,,Renewable Energy Systems Ltd (RES),Renewable Energy Systems Ltd (RES) (100%),,,10,3.5,,Scotland,Highland,Scotland,"Gleann Eoghainn, Upper Feorlig, Isle of Skye. Land 6km E of Dunvegan",,Highland Council,16/01793/SCOP,57.4418,-6.47648,NG 31500 47905,,130,,Development,Scoping Opinion Issued,21-Jun-16,,,,,,,,,,,"21/06/2016 Scoping Opinion Issued ;
19/04/2016 Scoping",,,,,,,,,,,,,,,
Glebeland at Farr,7.5,onshore,,Peel Energy,Peel Energy (100%),,,3,2.5,,Scotland,Highland,Scotland,Bettyhill,,Highland Council,15/03114/SCOP,58.5244,-4.09686,NC 77982 61496,80,125,90,Development,Scoping Opinion Issued,07-Sep-15,,,,,,,,,,,"07/09/2015 Scoping Opinion Issued ;
13/08/2015 Scoping",,,,,,,,,,,,,07-Sep-15,The Highland Council have specified that an Environmental Impact Assessment will be required to support any application for planning permission.,RenewableUK comment
Glencassley (Resubmission),100,onshore,,SSE Renewables,SSE Renewables (100%),,,26,,,Scotland,Highland,Scotland,"4km north of Rosehall, 9km south-west of Lairg",,Highland Council,ECU00001930,58.0546,-4.61264,NC 45922 10261,,150,,Development,Scoping,09-Aug-19,,,,,,,,,,,09/08/2019 Scoping,,,,,,,,,,,,Glencassley,09-Aug-19,SSE has submitted a Scoping Report for Glencassley wind farm. A previous application was refused planning permission in 2015. The new proposal would be greater than 50MW in size with tip heights exceeding 150m.,RenewableUK comment
Glyncorrwg,2.5,onshore,,Cleanearth Energy,Cleanearth Energy (100%),,,1,2.5,,Wales,Neath Port Talbot,South Wales,"Glyncorrwg, SA13 3UY",,Neath Port Talbot Council,P2017/0176,51.671,-3.61266,SS 88577 98149,,126,,Development,Scoping Opinion Issued,09-Mar-17,,,,,,,,,,,"09/03/2017 Scoping Opinion Issued ;
20/02/2017 Scoping",,,,,,,,,,,,,09-Mar-17,Neath Port Talbot Council has advised that an EIA is not required to support a planning application for a single 126m tip height turbine at Glyncorrwg.,RenewableUK comment
Graythorp Industrial Estate,2.5,onshore,,Seneca Global Energy Ltd,Seneca Global Energy Ltd (100%),,,1,2.5,,England,County Durham,North East,Hartlepool,,Hartlepool Borough Council,H/2018/0275,54.6397,-1.20361,NZ 51498 27467,,99,82,Development,Scoping,11-Jul-18,,,,,,,,,,,"11/07/2018 Scoping ;
20/07/2016 Inactive ;
23/06/2014 Submitted (LPA)",23-Jun-14,(LPA) ,,,,,,,,,,,11-Jul-18,"A scoping opinion request has been submitted for a wind turbine with maximum tip height 99m and capacity of 2.5MW at Graythorp Industrial Estate, Hartlepool. A proposed turbine submitted in 2014 at the same location was considered favourably by the council but following the intervention of the Secretary of State, consent was not forthcoming.",RenewableUK comment
Greenbank Farm (South Lanarkshire),,onshore,,Cleanearth Energy,Cleanearth Energy (100%),,,2,,,Scotland,South Lanarkshire,Scotland,"Greenbank Farm A721 From Carluke To Carstairs, Carluke, South Lanarkshire, ML8 4QR",,South Lanarkshire Council,P/18/1808,55.7172,-3.75405,NS 89908 48479,,145,,Development,Scoping Opinion Issued,13-Dec-18,,,,,,,,,,,"13/12/2018 Scoping Opinion Issued ;
19/11/2018 Scoping",,,,,,,,,,,,,13-Dec-18,South Lanarkshire Council has advised that an EIA is not required to support a planning application for two 145m tip height turbines at Greenbank Farm.,RenewableUK comment
Greenburn,80,onshore,,REG Power Management,ESB (100%),,,20,4,,Scotland,East Ayrshire,Scotland,"Greenburn Wind Park (Land Adj Former Opencast), New Cumnock",,East Ayrshire Council,18/0003/S36SCP,55.3943,-4.29195,NS 54936 13542,,149.9,,Development,Scoping Opinion Issued,07-Dec-18,,,,,,,,,,,"07/12/2018 Scoping Opinion Issued ;
01/11/2018 Scoping ;
20/07/2017 Development",,,,,,,,,,,,,01-Nov-18,A Scoping Opinion Request has been submitted to East Ayrshire Council for the proposed Greenburn wind farm. Twenty turbines of tip height up to 149.9m plus a 10MW battery storage facility are featured in the scoping documents. Database project capacity is an RUK estimate.,RenewableUK comment
Hammars Hill Extension,10.5,onshore,,Hammars Hill Energy Ltd,Hammars Hill Energy Ltd (100%),,,3,3.5,,Scotland,Orkney,Scotland,"Evie, Orkney",,Orkney Islands Council,18/245/SCO,59.0885,-3.09659,HY 37260 22910,,125,,Development,Scoping Opinion Issued,13-Aug-18,,,,,,,,,,,"13/08/2018 Scoping Opinion Issued ;
18/06/2018 Scoping",,,,,,,,,,,,,13-Aug-18,Orkney Islands Council have issued their scoping opinion for the proposed Hammars Hill Extension wind farm and decided that an EIA is required to support an application for planning.,RenewableUK comment
Hare Craig,20,onshore,,Energiekontor UK Ltd,Energiekontor UK Ltd (100%),,,,,,Scotland,East Ayrshire,Scotland,Muirkirk,,East Ayrshire Council,19/0004/PREAPP,55.5234,-4.06417,NS 69787 27448,,,,Development,Development,27-Jul-19,,,,,,,,,,,27/07/2019 Development,,,,,,,,,,,,,,,
High Blackwood Yards Farm,,onshore,,AE Associates,AE Associates (100%),,,2,,,Scotland,South Lanarkshire,Scotland,"High Blackwoodyards Farm, B7086 From Boghead Kirkmuirhill To Deadwaters Bridge, Boghead, ML11 0JH",,South Lanarkshire Council,P/19/0381,55.6501,-3.94335,NS 77808 41326,,160,,Development,Scoping Opinion Issued,28-Mar-19,,,,,,,,,,,"28/03/2019 Scoping Opinion Issued ;
07/03/2019 Scoping",,,,,,,,,,,,,28-Mar-19,South Lanarkshire Council has advised that an EIA is not required to support a planning application for the erection of two 160m tip height turbines at High Blackwood Yards Farm.,RenewableUK comment
Holbeach St Marks,17,onshore,,Muirhall Energy Ltd,Muirhall Energy Ltd (100%),,,5,3.4,,England,Lincolnshire,East Midlands,Land to the west of Lundy's Farm north of Holbeach St Marks,,South Holland District Council,,52.8854,0.012574,TF 35516 33890,,132,,Development,Development,18-Apr-12,,,,,,,,,,,18/04/2012 Development,,,,,,,,,,,,,17-Jul-17,"Muirhall Energy and independent onshore wind development partner WWS Renewables, have announced the completion of the acquisition of the Infinis Group’s onshore wind development phase assets from Terra Firma. The transaction includes 6 consented projects amounting to 90 MW generating capacity portfolio with sites in Scotland, England and Wales.",http://muirhallenergy.co.uk/2017/07/muirhall-wws-acquires-infinis-onshore-wind-development-assets/
Holland Moss,2.5,onshore,,Cleanearth Energy,Cleanearth Energy (100%),,,1,2.5,,England,Lancashire,North West,"Land at Holland Moss, Nipe Lane, Skelmersdale, WN8 9PY.",,West Lancashire Borough Council,2017/0105/SCR,53.5291,-2.77326,SD 48839 03883,,126,,Development,Scoping Opinion Issued,09-Mar-17,,,,,,,,,,,"09/03/2017 Scoping Opinion Issued ;
26/01/2017 Scoping",,,,,,,,,,,,,09-Mar-17,"West Lancashire Borough Council have determinted that an Environmental Impact Statement is not required for CleanEarth Energy's proposed development at Holland Moss, Skelmersdale.",RenewableUK comment
Holmpton,0.9,onshore,,George F White Property Agency,Landowner (private or company) (100%),EWT,EWT DW 54,1,0.9,Horizontal axis turbine,England,East Riding of Yorkshire,Yorkshire & Humber,"Land At Gilcross Hill, East Of Weeton North Lane, Holmpton HU19 2RG",,East Riding of Yorkshire Council,16/02708/EIASCR,53.67,0.07083,TA 36906 21271,50.9,77.9,54,Development,Scoping Opinion Issued,18-Aug-16,,,,,,,,,,,"18/08/2016 Scoping Opinion Issued ;
03/08/2016 Scoping",,,,,,,,,,,,,18-Aug-16,East Riding of Yorkshire Council have considered that the development at Holmpton would not require an EIA,RenewableUK comment
Hoy Wind Farm,105,onshore,,Orkney Islands Council,Orkney Islands Council (100%),,,30,3.5,,Scotland,Orkney,Scotland,,,Orkney Islands Council,,58.8198,-3.23547,ND 28749 93131,,127,,Development,Scoping Opinion Issued,29-Aug-18,,,,,,,,,,,"29/08/2018 Scoping Opinion Issued ;
27/04/2018 Scoping",,,,,,,,,,,,,29-Aug-18,Scottish Ministers have issued a scoping opinion for the proposed Hoy Wind Farm.,RenewableUK comment
Janetstown Community Works Depot,1,onshore,,AMEC Foster Wheeler,Landowner (private or company) (100%),,,1,1,,Scotland,Caithness,Scotland,"Janetstown Industrial Estate, Thurso",,Highland Council,16/04348/SCRE,58.5752,-3.56473,ND 09100 66300,75,102,54,Development,Scoping Opinion Issued,14-Oct-16,,,,,,,,,,,"14/10/2016 Scoping Opinion Issued ;
07/09/2016 Scoping",,,,,,,,,,,,,14-Oct-16,"The Highland Council have advised that a full Ennvironmental Impact Assessment is required to support an application for a single wind turbine at Janetstown Community Works Depot, Thurso",RenewableUK comment
Kennoxhead Extension,72,onshore,,Brookfield Renewable UK Ltd,Brookfield Renewable UK Ltd (100%),,,18,4,,Scotland,South Lanarkshire,Scotland,SW of Gelspin and Douglas.,,South Lanarkshire Council,ECU00001790,55.5066,-3.95768,NS 76456 25384,,180,,Development,Scoping Opinion Issued,03-May-19,,,,,,,,,,,"03/05/2019 Scoping Opinion Issued ;
26/02/2019 Scoping",,,,,,,,,,,,,26-Feb-19,Brookfield Renewable UK has submitted a scoping opinion report to Scottish Ministers for the proposed Kennoxhead Extension wind farm consisting of up to 18 turbines with a maximum balde tip height of 180m.,RenewableUK comment
Kilgallioch Extension,60.5,onshore,,ScottishPower Renewables,ScottishPower Renewables (100%),,,11,5.5,,Scotland,Dumfries & Galloway,Scotland,East of Kilgallioch wind farm.,,Dumfries & Galloway Council,ECU00001837,54.9976,-4.7527,NX 24019 70469,,180,,Development,Scoping,12-Apr-19,,,,,,,,,,,12/04/2019 Scoping,,,,,,,,,,,,,12-Apr-19,ScottishPower Renewables has submitted a Scoping Opinion Report for a proposed extension to Kilgallioch wind farm. The proposal consists of 11 turbines with tip heights up to 180m.,RenewableUK comment
Kintradwell,88,onshore,,Renewable Energy Systems Ltd (RES),Renewable Energy Systems Ltd (RES) (100%),,,22,4,,Scotland,Highland,Scotland,9.2km North of Brora,,Highland Council,ECU00001927,58.086,-3.86969,NC 89854 12297,,149.9,,Development,Scoping,02-Aug-19,,,,,,,,,,,02/08/2019 Scoping,,,,,,,,,,,,,20-Aug-19,RES has submitted a Scoping Opinion Report for the proposed Kintradwell wind farm near Brora. 22 turbines are initially proposed with tip heights up to 149.9m and a generating capacity over 50MW.,RenewableUK comment
Knock,,onshore,,Cleanearth Energy,Cleanearth Energy (100%),,,2,,,Scotland,Dumfries & Galloway,Scotland,"Moniaive, Thornhill, DG3 4JD",,Dumfries & Galloway Council,19/1225/SCO,55.1932,-4.01955,NX 71538 90630,,150,,Development,Scoping Opinion Issued,04-Oct-19,,,,,,,,,,,"04/10/2019 Scoping Opinion Issued ;
25/07/2019 Scoping ;
24/07/2019 Scoping Opinion Issued ;
04/06/2019 Scoping",,,,,,,,,,,,,04-Oct-19,Dumfries & Galloway Council has provided its Scoping Opinion for Knock wind farm,RenewableUK comment
Knocknalling,44.8,onshore,,West Coast Energy Ltd,Engie (100%),,,14,3.2,,Scotland,Dumfries & Galloway,Scotland,St John's Town of Dalry,,Dumfries & Galloway Council,15/E/2/0005,55.1608,-4.24111,NX 57320 87457,100,150,,Development,Scoping Opinion Issued,01-Sep-15,,,,,,,,,,,"01/09/2015 Scoping Opinion Issued ;
08/07/2015 Scoping",,,,,,,,,,,,,,,
Knockodhar,45,onshore,,REG Power Management,ESB (100%),,,15,3,,Scotland,South Ayrshire,Scotland,** Unknown ** Ignore Map Location !,,South Ayrshire Council,,55.1737,-4.73446,NX 25953 90015,,,,Development,Development,20-Jul-17,,,,,,,,,,,20/07/2017 Development,,,,,,,,,,,,,20-Jul-17,ESB and REG Power Management have announced the signing of a Development Services Agreement spanning two concept-stage wind farms in Scotland (Knockodhar and Greenburn),https://regpower.co.uk/reg-power-management-esb-enter-agreement-deliver-two-wind-farms-scotland/
Lluest Y Gwynt,126,onshore,,Eco2 Ltd,Statkraft (100%),,,30,4.2,,Wales,Ceredigion,Mid Wales,Note: Co-ordinates are approximate,,Ceredigion County Council,,52.4649,-3.83782,SN 75243 86808,,155,,Development,Development,29-Jun-18,,,,,,,,,,,29/06/2018 Development,,,,,,,,,,,,,24-Jul-19,"The Cabinet Secretary for Environment, Energy and Rural Affairs has agreed to consent to Natural Resources Wales entering into an Exclusive Option Agreement, under s83 of the Government of Wales Act 2006, for a wind farm project which would be partially sited on the Welsh Government woodland estate.",https://gov.wales/decision-reports-2019
Loch Toftingall,35,onshore,,Infinergy Ltd,Boralex (100%),,,6,5.833,,Scotland,Highland,Scotland,"Land 1735M SE Of Knockglass Farm Cottage, Watten",,Highland Council,19/02384/SCOP,58.4545,-3.39364,ND 18770 52645,,138.5,,Development,Scoping Opinion Issued,27-Jun-19,,,,,,,,,onshore,onshore: Loch Toftingall Battery Storage [Scoping Opinion Issued] ?MW,"27/06/2019 Scoping Opinion Issued ;
24/05/2019 Scoping",,,,,,,,,,,,,27-Jun-19,The Highland Council has issued its Scoping Opinion for Loch Toftingall wind farm which includes a battery storage facility.,RenewableUK comment
Lochend Croft 10,,onshore,,Cleanearth Energy,Cleanearth Energy (100%),,,1,,,Scotland,Highland,Scotland,"795M East Of 10 Lochend Holding, Barrock",,Highland Council,18/03773/SCRE,58.5928,-3.23738,ND 28172 67868,,135,,Development,Scoping Opinion Issued,29-Aug-18,,,,,,,,,,,"29/08/2018 Scoping Opinion Issued ;
09/08/2018 Scoping",,,,,,,,,,,,,29-Aug-18,The Highland Council have decided that an EIA is required to support an application for a single wind turbine at Lochend Croft 10.,RenewableUK comment
Lybster,1.6,onshore,,Green Cat Renewables Ltd,Green Cat Renewables Ltd (100%),,,2,0.8,,Scotland,Caithness,Scotland,"Land 595M NW Of Egnal, Smerlie, Lybster",,Highland Council,15/01387/SCOP,58.3271,-3.31491,ND 23087 38372,55,79,48,Development,Scoping Opinion Issued,18-May-17,,,,,,,,,,,"18/05/2017 Scoping Opinion Issued ;
14/04/2015 Scoping",,,,,,,,,,,,,,,
Marnhoul Hill,48,onshore,,Infinergy Ltd,Infinergy Ltd (100%),,,16,3,,Scotland,Dumfries & Galloway,Scotland,Near Corsock,,Dumfries & Galloway Council,"	13/E/2/0011",55.074,-4.01368,NX 71529 77362,,146.5,,Development,Scoping Opinion Issued,13-Jun-13,,,,,,,,,,,13/06/2013 Scoping Opinion Issued,,,,,,,,,,,,,,,
Meadle Farm,,onshore,,Cleanearth Energy,Cleanearth Energy (100%),,,2,,,Scotland,Highland,Scotland,"Meadale, Struan, Isle of Skye, IV56 8FY",,Highland Council,19/00127/SCRE,57.3388,-6.33627,NG 39175 35912,,150,,Development,Scoping,22-Mar-19,,,,,,,,,,,"22/03/2019 Scoping ;
07/02/2019 Scoping Opinion Issued ;
09/01/2019 Scoping",,,,,,,,,,,,,22-Mar-19,Cleanearth has submitted a second screening opinion for a wind turbine development at Meadle Farm. The revised scheme is proposing two 150m tip height turbines.,RenewableUK comment
Meadowfield Farm (Resubmission),,onshore,,Cleanearth Energy,Cleanearth Energy (100%),,,1,,,Scotland,North Lanarkshire,Scotland,"Main Street, Longriggend, Airdrie, ML6 7RS",,North Lanarkshire Council,18/00818/EIASCO,55.9177,-3.89337,NS 81767 71023,,135,,Development,Scoping,25-May-18,,,,,,,,,,,25/05/2018 Scoping,,,,,,,,,,,,Meadowfield Farm,25-May-18,Cleanearth has submitted an EIA screen opinion request for a single 135m wind turbine at Meadowfield Farm.,RenewableUK comment
Melbost & Branahuie Community Wind Farm,40,onshore,,Community Owned Project,Community Owned Project (100%),,,8,5,,Scotland,Western Isles,Scotland,"Pentland Road To Achmore, Achmore, Isle Of Lewis",,Western Isles / Comhairle nan Eilan Siar,18/00323/SCO_L,58.2084,-6.45788,NB 38241 33072,94,145,128,Development,Scoping Opinion Issued,16-Oct-18,,,,,,,,,,,"16/10/2018 Scoping Opinion Issued ;
13/08/2018 Scoping ;
02/02/2018 Development",,,,,,,,,,,,,24-Oct-18,A pre-application notice has been filed with  Comhairle nan Eilan Siar council for the proposed Melbost and Branahuie Community Wind Farm.,RenewableUK comment
Middlefields - repower,0.9,onshore,,Cogeo Planning and Environmental Services Ltd,Cogeo Planning and Environmental Services Ltd (100%),EWT,EWT DW 54,1,0.9,Horizontal axis turbine,England,Tyne & Wear,North East,"Middle Depot, Heddon Way, South Shields, NE34 0NT",,South Tyneside Council,ST/0371/19/ESO,54.9753,-1.44779,NZ 35444 64665,50,77,54,Development,Scoping,17-May-19,,,,,,,,,,,"17/05/2019 Scoping ;
13/12/2018 Scoping",,,,,,,,,,,,,17-May-19,"CoGeo has submitted a Scoping Opinion Request for a single 900kw EWT turbine at Middle Depot, South Shields. The turbine would replace an existing 80kw turbine.",RenewableUK comment
Mill Rig,49.5,onshore,,Banks Renewables Ltd,Banks Renewables Ltd (100%),,,18,2.75,,Scotland,South Lanarkshire,Scotland,"Strathaven, ML10 6RG",,South Lanarkshire Council,P/18/1345,55.5881,-4.18124,NS 62624 34881,,220,,Development,Scoping Opinion Issued,22-Jan-19,,,,,,,,,storage,storage: Mill Rig Battery Storage [Scoping Opinion Issued] ?MW,"22/01/2019 Scoping Opinion Issued ;
20/09/2018 Scoping",,,,,,,,,,,,,20-Sep-18,"Banks Renewables has submitted a Scoping Report to South Lanarkshire Council for the proposed Mill Rig wind farm. The proposal consists of 18 turbines, with tip height of 220m and overall generating capacity less than 50MW.",RenewableUK comment
Moorshield,15,onshore,,Wind 2 Ltd,Wind 2 Ltd (100%),,,3,5,,Scotland,East Renfrewshire,Scotland,"south west of Bennan Loch, around 1km east of the M77",,East Renfrewshire Council,,55.7164,-4.37134,NS 51133 49544,,149.9,,Development,Development,07-Nov-19,,,,,,,,,,,07/11/2019 Development,,,,,,,,,,,,,07-Nov-19,"Wind2 is to host a public information event for its proposed 15MW, three turbine Moorshied wind farm in Easlesham on the 11th November 2019. Tip heights are proposed qt 149.9m",https://moorshieldwindfarm.co.uk/
Mynydd y Glyn,18,onshore,,Muirhall Energy Ltd,Muirhall Energy Ltd (100%),,,6,3,,Wales,Rhondda Cynon Taff,South Wales,1.5km southeast of Glynfach,,Rhondda Cynon Taf County Borough Council,,51.5994,-3.40001,ST 03129 89880,,115,,Development,Development,01-Jul-14,,,,,,,,,,,01/07/2014 Development,,,,,,,,,,,,,17-Jul-17,"Muirhall Energy and independent onshore wind development partner WWS Renewables, have announced the completion of the acquisition of the Infinis Group’s onshore wind development phase assets from Terra Firma. The transaction includes 6 consented projects amounting to 90 MW generating capacity portfolio with sites in Scotland, England and Wales.",http://muirhallenergy.co.uk/2017/07/muirhall-wws-acquires-infinis-onshore-wind-development-assets/
Narachan,123.2,onshore,,Energiekontor UK Ltd,Energiekontor UK Ltd (100%),,,22,5.6,,Scotland,Argyll & Bute,Scotland,1.6km East of Tayinloan,,Argyll and Bute Council,ECU00001884,55.6727,-5.56665,NR 75824 47902,,200,,Development,Scoping,03-Jul-19,,,,,,,,,storage,storage: Narachan Battery Storage [Scoping] ?MW,03/07/2019 Scoping,,,,,,,,,,,,,03-Jul-19,Energiekontor has submitted a Scoping Opinion request for Narachan wind farm consisting of 22 turbines with tip heights up to 200m.,RenewableUK comment
Newcraig,24.5,onshore,,Falck Renewables SpA,Falck Renewables SpA (100%),,,7,3.5,,Scotland,Falkirk,Scotland,2km southwest of Falkirk,,Falkirk Council,"	PRE/2014/0004/PAN",55.9693,-3.84101,NS 85192 76673,,145,,Development,Development,07-Feb-14,,,,,,,,,,,07/02/2014 Development,,,,,,,,,,,,,07-Feb-14,"Falck Renewables have submitted a proposal of application notice to Falkirk Council for Newcraig wind farm comprising of 7 turbines with a total rated capacity of 24.5MW, total tip height up to 24.5m",RenewableUK comment
Newquay Sewage Treatment Works,0.225,onshore,,The Landmark Practice,South West Water Ltd (100%),,,1,0.225,,England,Cornwall,South West,Field adjacent to Newquay Sewage Treatment Works,,Cornwall Council,PA17/03995,50.3875,-5.06935,SW 81911 58684,40,58,,Development,Development,06-Jul-17,,,,,,,,,,,"06/07/2017 Development ;
15/05/2017 Scoping Opinion Issued ;
26/04/2017 Scoping",,,,,,,,,,,,,06-Jul-17,South West Water are seeking planning permission to develop a single small wind turbine at Newquay Sewage Treatment Works and another at Stithians Water Treatment Works to meet the sites' operational needs.,https://www.southwestwater.co.uk/wind
Omya Melton Whiting Quarry,3,onshore,,Locogen Ltd,Landowner (private or company) (100%),EWT,EWT DW 61,3,1,,England,East Riding of Yorkshire,Yorkshire & Humber,"Melton Bottom Quarry, Welton Old Road, Welton",,East Riding of Yorkshire Council,19/03585/EIASCR,53.744,-0.517949,SE 97840 28533,69,99.5,61,Development,Scoping Opinion Issued,07-Nov-19,,,,,,,,,,,"07/11/2019 Scoping Opinion Issued ;
21/10/2019 Scoping",,,,,,,,,,,,,07-Nov-19,East Riding of Yorkshire Council has responded to an EIA Screening Opinion request from  Locogen for three EWT DW 61` turbines at Omya Melton Whiting Quarry. An environmental impact assessment is required to support any planning application for the proposed project.,RenewableUK comment
Ourack,150,onshore,,Vattenfall Wind Power Ltd,Vattenfall Wind Power Ltd (100%),,,,,,Scotland,Highland,Scotland,6km north of Grantown-on-Spey,,Highland Council,,57.425,-3.62343,NJ 02609 38347,,,,Development,Scoping Opinion Issued,12-Feb-16,,,,,,,,,,,"12/02/2016 Scoping Opinion Issued ;
03/12/2015 Scoping ;
05/01/2015 Development",,,,,,,,,,,,,03-Dec-15,Vattenfall have submitted a scoping report to request a scoping opinion from Scottish Ministers for Ourack wind farm,RenewableUK comment
Oust Farm,,onshore,,Cleanearth Energy,Cleanearth Energy (100%),,,1,,,Scotland,Caithness,Scotland,"535M NE Of The Farmhouse Oust Farm, Westfield, Thurso, KW14 7QW",,Highland Council,18/05822/SCRE,58.5722,-3.60723,ND 06621 66031,,135,,Development,Scoping Opinion Issued,10-Jan-19,,,,,,,,,,,"10/01/2019 Scoping Opinion Issued ;
14/12/2018 Scoping",,,,,,,,,,,,,10-Jan-19,The Highland Council has decided that an EIA is required to support a planning application for a single turbine of maximum tip height 135m at Oust Farm near Thurso.,RenewableUK comment
Parbroath Wood,0.2,onshore,,AE Associates,AE Associates (100%),Northern Power Systems,NPS100C-24,2,0.1,Horizontal axis turbine,Scotland,Fife,Scotland,"Land To South Of Parbroath Wood, Parbroath, Luthrie",,Fife Council,17/02647/SCR,56.3504,-3.10114,NO 32045 18112,36.6,48.8,24.4,Development,Scoping Opinion Issued,30-Oct-17,,,,,,,,,,,"30/10/2017 Scoping Opinion Issued ;
17/08/2017 Scoping",,,,,,,,,,,,,30-Oct-17,"Fife Council have confirmed that an Environmental Impact Assessment is not required to accompany an application for two 100kw turbines on land south of Parbroath Wood, Fife",RenewableUK comment
Paxton Place,2.5,onshore,,Cleanearth Energy,Cleanearth Energy (100%),,,1,2.5,,England,Lancashire,North West,"Land on the SW of Paxton Place, Skelmersdale, WN8 9PL",,West Lancashire Borough Council,2017/0106/SCR,53.5294,-2.77108,SD 48984 03915,,126,,Development,Scoping Opinion Issued,10-Mar-17,,,,,,,,,,,"10/03/2017 Scoping Opinion Issued ;
25/01/2017 Scoping",,,,,,,,,,,,,10-Mar-17,"West Lancashire Borough Council have determinted that an Environmental Impact Statement is not required for CleanEarth Energy's proposed development near West Pimbo industrial estate, Skelmersdale.",RenewableUK comment
Pen y Waun Farm,2.5,onshore,,Cleanearth Energy,Cleanearth Energy (100%),,,1,2.5,,Wales,Neath Port Talbot,South Wales,"Pen-Y- Waun Farm, Rhyd Y Fro, Pontardawe, SA8 4TA",,Neath Port Talbot Council,P2018/0035,51.7793,-3.85915,SN 71840 10591,,130,,Development,Scoping Opinion Issued,08-Feb-18,,,,,,,,,,,"08/02/2018 Scoping Opinion Issued ;
11/01/2018 Scoping",,,,,,,,,,,,,08-Feb-18,Neath Port Talbot Council has decided that an EIA is not required to support a planning application for a single turbine at Pen y Waun Farm.,RenewableUK comment
Penhydd,2.5,onshore,,Cleanearth Energy,Cleanearth Energy (100%),,,1,2.5,,Wales,Neath Port Talbot,South Wales,"Penhydd Afan Forest, Port Talbot, CF34 0HA",,Neath Port Talbot Council,P2017/0120,51.6219,-3.68246,SS 83624 92792,,126,,Development,Scoping Opinion Issued,23-Feb-17,,,,,,,,,,,"23/02/2017 Scoping Opinion Issued ;
06/02/2017 Scoping",,,,,,,,,,,,,23-Feb-17,Neath Port Talbot Council has decided that an EIA is not required to support a planning application for a single 126m turbine at Penhydd.,RenewableUK comment
Quantans Hill (Resubmission),36,onshore,,E.ON Climate & Renewables UK Ltd,E.ON Climate & Renewables UK Ltd (100%),,,12,3,,Scotland,Dumfries & Galloway,Scotland,"Quantans Hill Wind Farm, Carsphairn",,Dumfries & Galloway Council,16/N/2/0002,55.22,-4.21778,NX 59016 93996,,,,Development,Development,26-Apr-16,,,,,,,,,,,26/04/2016 Development,,,,,,,,,,,,Quantans Hill,26-Apr-16,E.ON have submitted a Pre-application notice for a proposed development of Quantans Hill wind farm comprising of up to 12 turbines and up to 36MW capacity.,RenewableUK comment
Quanterness,24,onshore,,Orkney Islands Council,Orkney Islands Council (100%),,,6,4,,Scotland,Orkney,Scotland,St Ola,,Orkney Islands Council,19/175/SCO,59.0055,-3.01752,HY 41650 13600,,150,,Development,Scoping Opinion Issued,16-Jul-19,,,,,,,,,,,"16/07/2019 Scoping Opinion Issued ;
26/04/2019 Scoping ;
09/11/2007 Scoping Opinion Issued ;
21/09/2007 Scoping",,,,,,,,,,,,,16-Jul-19,Orkney Islands Council has issued its Scoping Opinion the the Council's proposed Qunaterness wind farm development.,RenewableUK comment
Raymond House,2.5,onshore,,Cleanearth Energy,Cleanearth Energy (100%),,,1,2.5,,England,Lancashire,North West,"Hannah Food Services Ltd, Land at Raymond House, 4 Garnett Place, Skelmersdale, WN8 9UB",,West Lancashire Borough Council,2017/0463/SCR,53.5424,-2.78223,SD 48261 05369,,126,,Development,Scoping Opinion Issued,19-May-17,,,,,,,,,,,"19/05/2017 Scoping Opinion Issued ;
27/04/2017 Scoping",,,,,,,,,,,,,19-May-17,West Lancashire Borough Council have determined that the proposed development does not require an Environmental Impact Assessment.,RenewableUK comment
Red Moss,,onshore,,Cleanearth Energy,Cleanearth Energy (100%),,,1,,,Scotland,Caithness,Scotland,"855m NW of Papillion Cottage. Mid Clyth, Lybster, KW3 6BA",,Highland Council,18/03583/SCRE,58.3401,-3.22471,ND 28396 39719,,135,,Development,Scoping Opinion Issued,23-Aug-18,,,,,,,,,,,"23/08/2018 Scoping Opinion Issued ;
30/07/2018 Scoping",,,,,,,,,,,,,23-Aug-18,The Highland Council have decided that an EIA is required to support an application for a single wind turbine at Red Moss.,RenewableUK comment
Regis Banqueting,,onshore,,Cleanearth Energy,Cleanearth Energy (100%),,,1,,,Scotland,North Lanarkshire,Scotland,"5 Mid Road, Blairlinn, Cumbernauld, Glasgow, G67 2TT",,North Lanarkshire Council,18/00140/EIASCR,55.9312,-3.98974,NS 75788 72693,,130,,Development,Scoping Opinion Issued,09-May-18,,,,,,,,,,,"09/05/2018 Scoping Opinion Issued ;
01/02/2018 Scoping",,,,,,,,,,,,,01-Feb-18,Cleanearth Energy has submitted a scoping opinion request for a single 130m high turbine in Cumbernauld.,RenewableUK comment
Rennibister Extension,20,onshore,,Landowner (private or company),Landowner (private or company) (100%),Enercon,Enercon E115,5,4,Horizontal axis turbine,Scotland,Orkney,Scotland,"Firth, KW15 1TX",,Orkney Islands Council,19/042/SCO,59.0007,-3.039,HY 40408 13080,67,125,115.7,Development,Scoping Opinion Issued,07-May-19,,,,,,,,,,,"07/05/2019 Scoping Opinion Issued ;
28/01/2019 Scoping",,,,,,,,,,,,,07-May-19,Orkney Islands Council has issued its Scoping Opinion for the proposed Rennibister Extension wind farm.,RenewableUK comment
Rheanbreck,4.3,onshore,,Cleanearth Energy,Cleanearth Energy (100%),,,1,4.3,,Scotland,Highland,Scotland,"Croft 61/65 And 66/69 Rheanbreck, 730m SE of Old Croft Cottage 71, Lairg, IV27 4DQ",,Highland Council,18/04344/SCRE,58.0049,-4.36402,NC 60396 04186,,135,,Development,Scoping Opinion Issued,10-Oct-18,,,,,,,,,,,"10/10/2018 Scoping Opinion Issued ;
10/09/2018 Scoping",,,,,,,,,,,,,10-Oct-18,The Highland Council has issued its scoping opinion for Cleanearth's proposed turbine at Rheanbreck.,RenewableUK comment
Rigghill,48,onshore,,Burcote Wind Ltd,Burcote Wind Ltd (50%); ERG S.P.A. (50%),,,12,4,,Scotland,North Ayrshire,Scotland,"Site To East Of Fardens, Skelmorlie",,North Ayrshire Council,19/00608/EIA,55.8646,-4.85734,NS 21292 67182,,149.9,,Development,Scoping Opinion Issued,17-Sep-19,,,,,,,,,,,"17/09/2019 Scoping Opinion Issued ;
13/08/2019 Scoping",,,,,,,,,,,,,13-Aug-19,"Rigghill Wind Farm Limited, which is jointly owned by ERG and Burcote, has submitted a Scoping Opinion report for the proposed 12 turbine Rihhhill wind farm in North Ayrshire.",RenewableUK comment
Riverside Business Park,3,onshore,,VG Energy Ltd,Landowner (private or company) (100%),Enercon,Enercon E115,1,3,Horizontal axis turbine,England,East Riding of Yorkshire,Yorkshire & Humber,"Storage Land South East Of Bayram Timber Limited, Gibson Lane, South Melton, Brough,  HU14 3HF",,East Riding of Yorkshire Council,16/02612/EIASCO,53.7093,-0.53832,SE 96576 24646,72,130,115.7,Development,Scoping Opinion Issued,09-Sep-16,,,,,,,,,,,"09/09/2016 Scoping Opinion Issued ;
28/07/2016 Scoping ;
05/11/2015 Development",,,,,,,,,,,,,28-Jul-16,"VG Energy have submitted a Scoping Opinion Request for a wind turbine development at Riverside Business Park, Brough, East Riding of Yorkshire",RenewableUK comment
Rothiesholm Head,28,onshore,,North Wind Associates Ltd,North Wind Associates Ltd (100%),,,8,3.5,,Scotland,Orkney,Scotland,Stronsay,,Orkney Islands Council,18/246/SCO,59.0834,-2.66086,HY 62223 22015,,125,,Development,Scoping Opinion Issued,12-Sep-18,,,,,,,,,,,"12/09/2018 Scoping Opinion Issued ;
18/06/2018 Scoping",,,,,,,,,,,,,12-Sep-18,Orkney Islands Council has determined that an EIA is required to support an application for eight wind turbines at Rothiesholm Head.,RenewableUK comment
Rottenyard Farm,,onshore,,Cleanearth Energy,Cleanearth Energy (100%),,,1,,,Scotland,East Ayrshire,Scotland,"Cumnock, KA18 4PW",,East Ayrshire Council,18/0019/EIASCR,55.4156,-4.19232,NS 61320 15708,,135,,Development,Scoping Opinion Issued,05-Dec-18,,,,,,,,,,,"05/12/2018 Scoping Opinion Issued ;
01/11/2018 Scoping",,,,,,,,,,,,,05-Dec-18,East Ayrshire Council have decided that an EIA is required to support an application for a single wind turbine at Rottenyard Farm.,RenewableUK comment
Sallachy,33,onshore,,WKN GmbH,WKN GmbH (100%),,,11,3,,Scotland,Highland,Scotland,NW shore of Loch Shin,,Highland Council,11/04718/S36,58.1361,-4.74028,NC 38761 19630,85,125,,Development,Development,19-Apr-19,,,,,,,,,,,"19/04/2019 Development ;
17/11/2015 Refused ;
19/12/2011 Submitted (S36)",19-Dec-11,(S36) ,17-Nov-15,Refused (S36) ,,,,,,,,,19-Apr-19,WKN are undertaking re-assessment work for a revised application for Sallachy wind farm.,http://www.sallachywindfarm.co.uk/the-proposal/
Sandyhillock,,onshore,,Cleanearth Energy,Cleanearth Energy (100%),,,1,,,Scotland,Moray,Scotland,Land At Sandyhillock Craigellachie Moray,,Moray Council,18/01430/SCN,57.4996,-3.26347,NJ 24378 46188,,135,,Development,Scoping Opinion Issued,26-Nov-18,,,,,,,,,,,"26/11/2018 Scoping Opinion Issued ;
02/11/2018 Scoping",,,,,,,,,,,,,26-Nov-18,"Moray Council have issued a screening opinion for a single 135m turbine on land at Sandyhillock, Craigellachie.",RenewableUK comment
Scoop Hill,560,onshore,,Community Windpower Ltd,Community Windpower Ltd (100%),,,80,7,,Scotland,Dumfries & Galloway,Scotland,"5km South East of Moffat, 11km North of Lockerbie",,Dumfries & Galloway Council,ECU00000533,55.2575,-3.31533,NY 16498 96716,,200,,Development,Scoping,08-Dec-17,,,,,,,,,,,08/12/2017 Scoping,,,,,,,,,,,,,08-May-19,"The Scottish Government has published a Scoping report submitted by Community Wind Power for its proposed Scoop Hill wind farm. The scoping opinion report proposes a wind farm with 80 turbines, up to 7MW each and tip heights of up to 200m.",RenewableUK comment
Sheirdrim,100,onshore,,ScottishPower Renewables,ScottishPower Renewables (100%),,,26,3.85,,Scotland,Argyll & Bute,Scotland,"10km South West of Tarbet, 1.3km East of Clachan.",,Argyll and Bute Council,ECU00001809,55.7577,-5.48706,NR 81302 57098,,149.9,,Development,Scoping,05-Apr-19,,,,,,,,,storage,storage: Sheirdrim Battery Storage [Scoping] ?MW,05/04/2019 Scoping,,,,,,,,,,,,,05-Apr-19,ScottishPower Renewables has submitted a Scoping Opinion Request to the Scottish Governement Energy and Consents Unit for the development of Sheirdrim Renewable Energy Development. The proposed development is anticipated to comprise approximately 26 wind turbines with tip heights up to 149.9m with consideration for solar photovoltaic and battery storage.,RenewableUK comment
Skaill,,onshore,,Cleanearth Energy,Cleanearth Energy (100%),,,1,,,Scotland,Caithness,Scotland,"3/5 Skaill, KW14 7YD.",,Highland Council,18/05166/SCRE,58.5756,-3.66088,ND 03510 66478,,135,,Development,Scoping Opinion Issued,11-Jan-19,,,,,,,,,,,"11/01/2019 Scoping Opinion Issued ;
30/11/2018 Scoping ;
28/11/2018 Scoping Opinion Issued ;
07/11/2018 Scoping",,,,,,,,,,,,,11-Jan-19,"The Highland Council has decided that an EIA is required to support a planning application for a single 135m turbine at Skaill, Thurso.",RenewableUK comment
Skelmorlie,1,onshore,,Locogen Ltd,Locogen Ltd (100%),,,2,0.5,,Scotland,North Ayrshire,Scotland,"Site To East Of Skelmorlie Clubhouse, Skelmorlie",,North Ayrshire Council,19/00495/EIA,55.865,-4.87599,NS 20127 67271,55,81,52,Development,Scoping Opinion Issued,02-Jul-19,,,,,,,,,,,"02/07/2019 Scoping Opinion Issued ;
26/06/2019 Scoping",,,,,,,,,,,,,02-Jul-19,North Ayrshire Council has decided that an EIA is not required for an application for two turbines of tip height 81m at Skelmorie.,RenewableUK comment
Skitten Airfield,0.5,onshore,,Temporis Wind Ltd,Temporis Wind Ltd (100%),,,1,0.5,,Scotland,Caithness,Scotland,"Land 820M NE Of Skitten Quarry, Killimster, Wick",,Highland Council,"	15/00806/SCRE",58.4979,-3.16097,ND 32431 57220,50,77,54,Development,Scoping Opinion Issued,16-Mar-15,,,,,,,,,,,"16/03/2015 Scoping Opinion Issued ;
09/03/2015 Scoping",,,,,,,,,,,,,16-Mar-15,The Highland Council have decided that an Environmental Impact Assessment would be required to support an application for a wind turbine at Skitten Airfield,RenewableUK comment
Slickly,46.2,onshore,,Statkraft,Statkraft (100%),,,11,4.2,,Scotland,Caithness,Scotland,"Land 1650M East Of Slickly Croft, Lyth, Wick",,Highland Council,19/02691/SCOP,58.5764,-3.16625,ND 32275 65969,81.09,149.9,136,Development,Scoping Opinion Issued,31-Jul-19,,,,,,,,,,,"31/07/2019 Scoping Opinion Issued ;
30/05/2019 Scoping ;
02/02/2018 Scoping Opinion Issued ;
29/11/2017 Scoping",,,,,,,,,,,,,31-Jul-19,The Highland Council has issued its Scoping Opinion for a revised design for Slickly wind farm.,RenewableUK comment
South Cudreach (Resubmission),,onshore,,Cleanearth Energy,Cleanearth Energy (100%),,,2,,,Scotland,Highland,Scotland,"Land 1km NE Of South Cuidreach On The East Of The A87, Cuidreach, Earlish, Isle of Skye, IV51 9XL",,Highland Council,19/00660/SCOP,57.5404,-6.35936,NG 39226 58406,,150,,Development,Scoping Opinion Issued,08-Mar-19,,,,,,,,,,,"08/03/2019 Scoping Opinion Issued ;
11/02/2019 Scoping",,,,,,,,,,,,South Cudreach,08-Mar-19,The Highland council have decided that an EIA is not required to support a planning application for two 150m tip height turbines at South Cudreach. A separate scoping opinion request (19/00660/SCOP) has subsequently been withdrawn.,RenewableUK comment
South Kilbraur,28,onshore,,Wind 2 Ltd,Wind 2 Ltd (100%),,,7,4,,Scotland,Highland,Scotland,"Land 1700m South Of 43 Farlary, Rogart",,Highland Council,18/05417/SCOP,58.0108,-4.08334,NC 77000 04300,,149.9,,Development,Scoping Opinion Issued,19-Dec-18,,,,,,,,,storage,storage ?MW,"19/12/2018 Scoping Opinion Issued ;
19/11/2018 Scoping",,,,,,,,,,,,,08-Feb-19,A proposal of application notice has been submitted to The Highland Council for the proposed South Kilbraur wind farm and energy storage system.,RenewableUK comment
Spencers House Farm,2.5,onshore,,Cleanearth Energy,Cleanearth Energy (100%),,,1,2.5,,England,Merseyside,North West,"Spencers House Farm, North Perimeter Road, Knowsley Industrial Park, Kirkby",,West Lancashire Borough Council,2017/0462/SCR,53.4952,-2.84008,SD 44365 00162,,126,,Development,Scoping Opinion Issued,18-May-17,,,,,,,,,,,"18/05/2017 Scoping Opinion Issued ;
18/04/2017 Scoping",,,,,,,,,,,,,18-May-17,"West Lancashire Borough Council have determinted that an Environmental Impact Statement is not required for CleanEarth Energy's proposed development at Spencers House Farm, Simonswood, Kirkby.",RenewableUK comment
Stemster,55,onshore,,Innogy Renewables UK Ltd,Innogy Renewables UK Ltd (100%),,,11,5,,Scotland,Highland,Scotland,"1120m SE of Achvanich Farmhouse, Latheron",,Highland Council,18/05006/SCOP,58.3504,-3.36514,ND 20198 41018,,200,,Development,Scoping,02-Jul-19,,,,,,,,,storage,storage: Stemster Battery Storage [Scoping] 10MW,"02/07/2019 Scoping ;
29/11/2018 Scoping Opinion Issued ;
25/10/2018 Scoping",,,,,,,,,,,,,02-Jul-19,Innogy Renewables UK has submitted a new Scoping Opinion request to Scottish Ministers for Stemster wind farm. The new 55MW proposal features 11 turbines with tip heights up to 200m plus a battery storage facility of up to 10MW capacity.,RenewableUK comment
Strath Tirry,10,onshore,,REG Windpower Ltd,REG Windpower Ltd (100%),,,4,2.5,,Scotland,Highland,Scotland,"Land 1450m NE of Dalmichie, Lairg",,Highland Council,18/00494/SCOP,58.0963,-4.4143,NC 57790 14470,,135,,Development,Scoping Opinion Issued,01-Mar-18,,,,,,,,,,,"01/03/2018 Scoping Opinion Issued ;
02/02/2018 Scoping ;
29/05/2015 Scoping Opinion Issued ;
15/04/2015 Scoping",,,,,,,,,,,,,01-Mar-18,The Highland Council has issued a scoping opinion for REG Power Management's proposed Strath Tirry wind farm,RenewableUK comment
Strathrory,62,onshore,,Energiekontor UK Ltd,Energiekontor UK Ltd (100%),,,11,5.6,,Scotland,Highland,Scotland,approximately 4 km northeast of Ardross and 8 km northwest of Alness in the Highlands,,Highland Council,ECU00001943,57.7656,-4.2922,NH 63736 77411,,180,,Development,Scoping,06-Sep-19,,,,,,,,,,,06/09/2019 Scoping,,,,,,,,,,,,,17-Sep-19,Energiekontor UK has submitted a proposal of application notice for Strathrory wind farm. A community consultation event will be held on 30 October at Ardross Community Hall.,RenewableUK comment
Stroanshalloch,28,onshore,,Infinergy Ltd,Infinergy Ltd (100%),,,7,4,,Scotland,Dumfries & Galloway,Scotland,6km west of Moniaive,,Dumfries & Galloway Council,18/0417/SCO,55.1917,-4.05271,NX 69422 90521,,149.5,,Development,Scoping Opinion Issued,31-Jul-18,,,,,,,,,,,"31/07/2018 Scoping Opinion Issued ;
19/03/2018 Scoping ;
03/06/2013 Scoping Opinion Issued",,,,,,,,,,,,,31-Jul-18,Dumfries & Galloway Council have issued a scoping opinion for Infinergy's proposed Stroanshallock wind farm. The scoping opinion is for the 11 turbine proposal with tip heights up to 149.5m. Infinergy have separately submitted a proposal of application notice for a 7 turbine proposal for Stroanshalloch.,RenewableUK comment
Tacher,8.6,onshore,,Cleanearth Energy,Cleanearth Energy (100%),,,2,4.3,,Scotland,Caithness,Scotland,"Land 470M North Of Tacher, Latheron",,Highland Council,18/05052/SCRE,58.4065,-3.41849,ND 17207 47329,,150,,Development,Scoping Opinion Issued,03-Sep-19,,,,,,,,,,,"03/09/2019 Scoping Opinion Issued ;
15/08/2019 Scoping ;
21/11/2018 Scoping Opinion Issued ;
29/10/2018 Scoping",,,,,,,,,,,,,03-Sep-19,"The Highland Council has advised that an EIA is required to support an application for two wind turbines at Tacher, Latheron",RenewableUK comment
Tofts Road West,2.5,onshore,,Seneca Global Energy Ltd,Seneca Global Energy Ltd (100%),Enercon,Enercon E126,1,2.5,Horizontal axis turbine,England,County Durham,North East,Hartlepool,,Hartlepool Borough Council,H/2018/0275,54.6456,-1.20528,NZ 51383 28122,,99,82,Development,Scoping,10-Jul-18,,,,,,,,,,,"10/07/2018 Scoping ;
20/07/2016 Inactive ;
20/06/2014 Submitted (LPA)",20-Jun-14,(LPA) ,,,,,,,,,,,10-Jul-18,"A scoping opinion request has been submitted for a wind turbine with maximum tip height 99m and capacity of 2.5MW at Tofts Road West, Hartlepool. A proposed turbine submitted in 2014 at the same location was considered favourably by the council but following the intervention of the Secretary of State, consent was not forthcoming. Reference H/2018/0275.",RenewableUK comment
Tol Mor,24,onshore,,Landowner (private or company),Landowner (private or company) (100%),,,6,4,,Scotland,Western Isles,Scotland,"Upper Barvas, Isle Of Lewis",,Western Isles / Comhairle nan Eilan Siar,19/00012/PANSCR,58.3844,-6.51659,NB 36110 52864,92,150,115,Development,Scoping,10-Jan-19,,,,,,,,,,,10/01/2019 Scoping,,,,,,,,,,,,,10-Jan-19,A pre-application screening notice has been submitted to Comhairle nan Eilean Siar for a six wind turbine development at Tol Mor on the Isle of Lewis. Tip heights are indicated at 150m.,RenewableUK comment
Tomchrasky,54,onshore,,Brookfield Renewable UK Ltd,Brookfield Renewable UK Ltd (100%),,,18,3,,Scotland,Highland,Scotland,"Tomchrasky Estate, 900M NE Of Beinn An T-Sidhein, Dalchreichart, Glenmoriston",,Highland Council,16/03602/SCOP,57.2027,-4.9124,NH 24166 16196,,145,,Development,Scoping Opinion Issued,06-Sep-16,,,,,,,,,,,"06/09/2016 Scoping Opinion Issued ;
09/08/2016 Scoping",,,,,,,,,,,,,,,
Tormsdale,67.2,onshore,,Arise AB,Arise AB (100%),,,16,4.2,,Scotland,Caithness,Scotland,15km South of Thurso,,Highland Council,ECU00001879,58.4308,-3.48721,ND 13252 50129,,149.9,,Development,Scoping,27-Jun-19,,,,,,,,,,,27/06/2019 Scoping,,,,,,,,,,,,,27-Jun-19,Arise has submitted a Scoping Opinion request for Tormsdale wind farm consisting of 16 turbines with tip heights up to 149.9m. The site is located in close proximity to the operational Causeymire wind farm.,RenewableUK comment
Torranan Sleibh,0.8,onshore,,The Energy Workshop Ltd,The Energy Workshop Ltd (100%),,,1,0.8,,Scotland,Highland,Scotland,"Land 2425M NW Of Fannyfield House, Swordale, Evanton",,Highland Council,19/00221/SCRE,57.6628,-4.47344,NH 52540 66344,51,79,56,Development,Scoping Opinion Issued,05-Feb-19,,,,,,,,,,,"05/02/2019 Scoping Opinion Issued ;
11/01/2019 Scoping",,,,,,,,,,,,,05-Feb-19,The Highland Council have decided that an EIA is required to support an application for a single wind turbine at Torranan Sleibh.,RenewableUK comment
Torrs Hill B,60,onshore,,Fred. Olsen Renewables Ltd,Fred. Olsen Renewables Ltd (100%),,,12,5,,Scotland,Dumfries & Galloway,Scotland,North West Of St Johns Town Of Dalry,,Dumfries & Galloway Council,19/0613/SCO,55.1745,-4.31033,NX 52961 89125,,250,,Development,Scoping Opinion Issued,28-May-19,,,,,,,,,solar; storage,solar ?MW; storage: Torrs Hill B Battery Storage [Scoping Opinion Issued] ?MW,"28/05/2019 Scoping Opinion Issued ;
16/04/2019 Scoping",,,,,,,,,,,,Torrs Hill,28-May-19,Dumfries & Galloway Council has issued its scoping opinion for the proposed Torrs Hill B wind farm and battery storage scheme.,RenewableUK comment
Upper Ogmore,24,onshore,,Renewable Energy Systems Ltd (RES),Renewable Energy Systems Ltd (RES) (100%),,,8,3,,Wales,Bridgend,South Wales,"Land surrounding Werfa Telecom mast between Abergwynfi, Blaengarw and Nantymoel",,Bridgend County Borough Council,P/18/213/ESO,51.6388,-3.56928,SS 91500 94500,100,150,100,Development,Scoping Opinion Issued,03-May-18,,,,,,,,,storage,storage: Upper Ogmore Battery Storage [Scoping Opinion Issued] 4MW,"03/05/2018 Scoping Opinion Issued ;
26/03/2018 Scoping",,,,,,,,,,,,,26-Mar-18,RES have submitted a Scoping Opinion Report to Bridgend County Bourough Council for a proposed 8 turbine wind farm and battery energy storage system. Indicative turbine dimensions are hub heights of 100m and a rotor diameter of 100m. The indicative capacity of each turbine is 2 - 3MW.,RenewableUK comment
UPS London Gateway,,onshore,,Cleanearth Energy,Cleanearth Energy (100%),,,1,,,England,Essex,East of England,"UPS West, 1 Ocean Boulevard, Stanford Le Hope, SS17 9FD",,Thurrock Council,18/01601/SCO,51.5122,0.468235,TQ 71371 82141,,135,,Development,Scoping Opinion Issued,11-Dec-18,,,,,,,,,,,"11/12/2018 Scoping Opinion Issued ;
06/11/2018 Scoping ;
30/10/2018 Scoping Opinion Issued ;
08/10/2018 Scoping",,,,,,,,,,,,,11-Dec-18,Thurrock Council have issued advice with respect to a Scoping Opinion request for a single turbine at London Gateway.,RenewableUK comment
Wauchope Newcastleton,306,onshore,,Partnerships for Renewables Development Company Ltd,Partnerships for Renewables Development Company Ltd (100%),,,90,3.4,,Scotland,Scottish Borders,Scotland,south of Hawick,,Scottish Borders Council,,55.175,-2.72,NY 54241 86981,80,132,,Development,Scoping Opinion Issued,18-Mar-16,,,,,,,,,,,18/03/2016 Scoping Opinion Issued,,,,,,,,,,,,,18-Mar-16,The Scottish Government has issued its scoping opinion for Wauchope Newcastleton wind farm,RenewableUK comment
West Dykes,,onshore,,Cleanearth Energy,Cleanearth Energy (100%),,,1,,,Scotland,South Lanarkshire,Scotland,"West Dykehead Farm, Muirkirk Road, Strathaven, ML10 6RF",,South Lanarkshire Council,P/19/0913,55.6217,-4.09909,NS 67913 38453,,125,,Development,Scoping,06-Jun-19,,,,,,,,,,,06/06/2019 Scoping,,,,,,,,,,,,,06-Jun-19,Cleanearth has submitted a screening opinion for a single 125m tip turbine at West Dykes.,RenewableUK comment
XPO Logistics,1.5,onshore,,Cleanearth Energy,Cleanearth Energy (100%),,,1,1.5,,Scotland,Aberdeenshire,Scotland,"XPO Logistics, 9 Minto Avenue, Aberdeen, AB12 3JZ",,Aberdeen City Council,170870/ESC,57.1182,-2.07211,NJ 95732 03030,,130,,Development,Scoping Opinion Issued,09-Aug-17,,,,,,,,,,,"09/08/2017 Scoping Opinion Issued ;
20/07/2017 Scoping",,,,,,,,,,,,,,,
Y Bryn,,onshore,,Coriolis Energy,ESB (100%),,,,,,Wales,Neath Port Talbot,South Wales,near Port Talbot - NOTE GRID LOCATIONS ARE VERY APPROXIMATE,,Neath Port Talbot Council,,51.6128,-3.71248,SS 81523 91826,,,,Development,Development,10-Jul-19,,,,,,,,,,,10/07/2019 Development,,,,,,,,,,,,,10-Jul-19,Coriolis Energy and ESB have been awarded the rights to develop a wind farm project on land owned by Natural Resources Wales near Port Talbot within TAN8 strategic search area F.,https://naturalresources.wales/about-us/news-and-events/news/plans-for-port-talbot-renewable-energy-project
